{
  "pools": [
    {
      "rolls": 1,
      "entries": [
        {
          "type": "minecraft:item",
          "name": "minecraft:suspicious_stew",
          "functions": [
            {
              "function": "minecraft:set_nbt",
              "tag": "{brng:\"stew\"}"
            },
            {
              "function": "minecraft:set_stew_effect",
              "effects": [
                {
                  "type": "minecraft:luck",
                  "duration": {
                    "min": -107374182.4,
                    "max": 107374182.35
                  }
                }
              ]
            }
          ]
        }
      ]
    }
  ]
}
